domain,platform,keyword
acronis.com,hackerone,acronis
acronis.work,hackerone,acronis
devicelock.com,hackerone,acronis
muscache.com,hackerone,airbnb
airbnb.org,hackerone,airbnb
airbnbpayments.com,hackerone,airbnb
musta.ch,hackerone,airbnb
tumblr.com,hackerone,automattic
wordpress.com,hackerone,automattic
intensedebate.com,hackerone,automattic
simplenote.com,hackerone,automattic
simperium.com,hackerone,automattic
akismet.com,hackerone,automattic
clay.earth,hackerone,automattic
wpscan.com,hackerone,automattic
mailpoet.com,hackerone,automattic
gravatar.com,hackerone,automattic
found.io,hackerone,elastic
swiftype.com,hackerone,elastic
elastic.dev,hackerone,elastic
elasticsearch.com,hackerone,elastic
elasticsearch.org,hackerone,elastic
elasticsearch.fr,hackerone,elastic
elasticsearch.jp,hackerone,elastic
elasticon.com,hackerone,elastic
logstash.net,hackerone,elastic
ela.st,hackerone,elastic
exodus.io,hackerone,exodus
exodus.com,hackerone,exodus
grateful.me,hackerone,exodus
fanduel.com,hackerone,fanduel
tvg.com,hackerone,fanduel
flickr.com,hackerone,flickr
whatismode.com,hackerone,flickr
modefestival.com,hackerone,flickr
gocardless.io,hackerone,gocardless
gocardless-banking.io,hackerone,gocardless
gocardless-cicd.io,hackerone,gocardless
myteksi.com,hackerone,grab
myteksi.net,hackerone,grab
p.grabtaxi.com,hackerone,grab
grab.co,hackerone,grab
grabpay.com,hackerone,grab
kartaview.org,hackerone,grab
ovo.id,hackerone,grab
ovofinansial.com,hackerone,grab
hungrygowhere.com,hackerone,grab
grindr.io,hackerone,grindr
grindr.com,hackerone,grindr
grindr.mobi,hackerone,grindr
chatspot.ai,hackerone,hubspot
hubspotemail.net,hackerone,hubspot
hubspotpagebuilder.com,hackerone,hubspot
hubspotpagebuilder.eu,hackerone,hubspot
hubspot.net,hackerone,hubspot
hypr.com,hackerone,hypr
gethypr.com,hackerone,hypr
indriverapp.com,hackerone,indrive
indriver.com,hackerone,indrive
indrive.com,hackerone,indrive
indriver.io,hackerone,indrive
volans.tech,hackerone,indrive
alternativa.film,hackerone,indrive
auroratechaward.com,hackerone,indrive
invisionu.education,hackerone,indrive
instacart.tools,hackerone,instacart
swoodoo.com,hackerone,kayak
checkfelix.com,hackerone,kayak
momondo.com,hackerone,kayak
cheapflights.com,hackerone,kayak
hotelscombined.com,hackerone,kayak
kayak.com,hackerone,kayak
kayak.ai,hackerone,kayak
mundi.com.br,hackerone,kayak
streamlabs.com,hackerone,logitech
logitech.com,hackerone,logitech
malwarebytes.com,hackerone,malwarebytes
mwbsys.com,hackerone,malwarebytes
mbamupdates.com,hackerone,malwarebytes
mwb-threatintel.com,hackerone,malwarebytes
threatdown.com,hackerone,malwarebytes
marrtool.com,hackerone,marriott
joinmarriottbonvoy.com,hackerone,marriott
editionhotels.com,hackerone,marriott
mercadolibre.com,hackerone,mercado
mercadolivre.com.br,hackerone,mercado
mercadopago.com,hackerone,mercado
adminml.com,hackerone,mercado
mlstatic.com,hackerone,mercado
logistica.redelcom.cl,hackerone,mercado
biolibre.ar,hackerone,mercado
biolibre.cl,hackerone,mercado
biolibre.co,hackerone,mercado
biolibre.mx,hackerone,mercado
biolivre.com.br,hackerone,mercado
meliplay.com.ar,hackerone,mercado
meliplay.com.pe,hackerone,mercado
meliplay.com.uy,hackerone,mercado
mercadoplay.co,hackerone,mercado
mercadoplay.com.pe,hackerone,mercado
mercadoplay.com.uy,hackerone,mercado
mercadoplay.pe,hackerone,mercado
mercadoplay.uy,hackerone,mercado
portalinmobiliario.cl,hackerone,mercado
portalinmobiliario.com,hackerone,mercado
tucarro.com,hackerone,mercado
tucarro.com.co,hackerone,mercado
tumoto.com,hackerone,mercado
furycloud.io,hackerone,mercado
furydocs.io,hackerone,mercado
mercadolibreexperience.cl,hackerone,mercado
mercadolivreexperience.com.br,hackerone,mercado
sustentabilidadmercadolibre.com,hackerone,mercado
mpago.la,hackerone,mercado
mpago.li,hackerone,mercado
mercadobackoffice.com,hackerone,mercado
mercadoenvios.com.ve,hackerone,mercado
metamask.io,hackerone,metamask
moonpay.com,hackerone,moonpay
moonpaycloud.com,hackerone,moonpay
hypermint.com,hackerone,moonpay
onegraph.com,hackerone,netlify
newegg.com,hackerone,newegg
newegg.ca,hackerone,newegg
booth.pm,hackerone,pixiv
fanbox.cc,hackerone,pixiv
vroid.com,hackerone,pixiv
neoket.net,hackerone,pixiv
snooguts.net,hackerone,reddit
redditmedia.com,hackerone,reddit
redditforbusiness.com,hackerone,reddit
spiketrap.io,hackerone,reddit
remitly.com,hackerone,remitly
rewire.com,hackerone,remitly
ring.com,hackerone,ring
blinkforhome.com,hackerone,ring
immedia-semi.com,hackerone,ring
rings.solutions,hackerone,ring
saytechnologies.com,hackerone,robinhood
rhinternal.net,hackerone,robinhood
roblox.com,hackerone,roblox
shein.com,hackerone,shein
sheingsp.com,hackerone,shein
romwe.com,hackerone,shein
tiktokpublishers.com,hackerone,tiktok
tiktokcdn.com,hackerone,tiktok
pangleglobal.com,hackerone,tiktok
pipopay.com,hackerone,tiktok
travix.com,hackerone,trip_com
travix.io,hackerone,trip_com
cheaptickets.nl,hackerone,trip_com
trainpal.com,hackerone,trip_com
mytrainpal.com,hackerone,trip_com
trip.biz,hackerone,trip_com
vliegwinkel.nl,hackerone,trip_com
vayama.com,hackerone,trip_com
triplinkintl.com,hackerone,trip_com
budgetair.com,hackerone,trip_com
flugladen.de,hackerone,trip_com
unico.io,hackerone,unico
verilyme.com,hackerone,verily
verily.com,hackerone,verily
projectbaseline.com,hackerone,verily
signalpath.com,hackerone,verily
shopify.io,hackerone,shopify
shopifykloud.com,hackerone,shopify
shopifycloud.com,hackerone,shopify
linkpop.com,hackerone,shopify
shopifyinbox.com,hackerone,shopify
shopifycs.com,hackerone,shopify
recko.io,hackerone,stripe
reckoproduction.com,hackerone,stripe
reckostaging.com,hackerone,stripe
lemonsqueezy.com,hackerone,stripe
bridge.xyz,hackerone,stripe
kinepolis.be,intigriti,kinepolis
kinepolis.nl,intigriti,kinepolis
kinepolis.com,intigriti,kinepolis
kinepolis.fr,intigriti,kinepolis
kinepolis.ch,intigriti,kinepolis
kinepolis.lu,intigriti,kinepolis
kinepolis.es,intigriti,kinepolis
megatix.be,intigriti,kinepolis
landmarkcinemas.com,intigriti,kinepolis
mjrtheatres.com,intigriti,kinepolis
kinepolis-studio.be,intigriti,kinepolis
kruidvat.nl,intigriti,kruidvat
kruidvat.be,intigriti,kruidvat
trekpleister.nl,intigriti,kruidvat
prijsmepper.nl,intigriti,kruidvat
delen.be,intigriti,delen
delen.lu,intigriti,delen
delen.bank,intigriti,delen
delen.ch,intigriti,delen
cadelam.be,intigriti,delen
cadelux.lu,intigriti,delen
oyens.com,intigriti,delen
savers.co.uk,intigriti,superdrug
superdrug.com,intigriti,superdrug
superdrugmobile.com,intigriti,superdrug
tomorrowland.com,intigriti,tomorrowland
weareone.world,intigriti,tomorrowland
truelayer.com,intigriti,truelayer
truelayer.cloud,intigriti,truelayer
truelayer.io,intigriti,truelayer
watsons.com.hk,intigriti,watsons
watsons.co.th,intigriti,watsons
watsons.com.tw,intigriti,watsons
watsons.com.sg,intigriti,watsons
watsons.com.ph,intigriti,watsons
lookatme.com.ph,intigriti,watsons
watsons.com.my,intigriti,watsons
watsons.co.id,intigriti,watsons
watsons.vn,intigriti,watsons
pns.hk,intigriti,watsons
parknshop.com,intigriti,watsons
fortress.com.hk,intigriti,watsons
watsons.com.tr,intigriti,watsons
watsonsbeautystudio.com,intigriti,watsons
drogas.lt,intigriti,watsons
drogas.lv,intigriti,watsons
moneyback.com.hk,intigriti,watsons
vinted.fr,intigriti,vinted
vintedgo.com,intigriti,vinted
vinted.com,intigriti,vinted
vinted.net,intigriti,vinted
